<?xml version="1.0" encoding="utf-8"?>
<!-- This file is auto-generated, do not edit! -jm -->
<CordovaSourceDictionary>
    <FilePath Value="www\phonegap.js"/>
    <FilePath Value="www\js\script.js"/>
    <FilePath Value="www\js\plugins.js"/>
    <FilePath Value="www\js\libs\require-jquery.js"/>
    <FilePath Value="www\js\libs\modernizr-2.0.6.min.js"/>
    <FilePath Value="www\js\libs\jquery-1.6.2.min.js"/>
    <FilePath Value="www\js\libs\jquery-1.6.2.js"/>
    <FilePath Value="www\js\libs\async.js"/>
    <FilePath Value="www\js\app\main.js"/>
    <FilePath Value="www\js\app\google.js"/>
    <FilePath Value="www\index.html"/>
    <FilePath Value="www\img\beerrun_96.png"/>
    <FilePath Value="www\img\beerrun_72.png"/>
    <FilePath Value="www\img\beerrun_48.png"/>
    <FilePath Value="www\img\beerrun_36.png"/>
    <FilePath Value="www\css\style.css"/>
    <FilePath Value="www\cordova.js"/>
    <FilePath Value="www\beerrun_96.png"/>
    <FilePath Value="www\.gitattributes"/>
</CordovaSourceDictionary>
