<?xml version='1.0' encoding='UTF-8'?>
<Deployment AppPlatformVersion="7.1" xmlns="http://schemas.microsoft.com/windowsphone/2009/deployment">
  <App RuntimeType="Silverlight" Publisher="Steve MunLeeuw" Title="Beer_Run" Version="1.0.0.0" xmlns="" Genre="apps.normal" Author="Steve MunLeeuw" ProductID="{9ac8fe2d-2075-a0ca-e550-eb09af8a248c}" Description="A Google map with your location highlighting where you can and can't get a drink.">
    
    <IconPath IsResource="false" IsRelative="true">ApplicationIcon.png</IconPath>
    <Capabilities>
      <Capability Name="ID_CAP_CONTACTS"/>
      <Capability Name="ID_CAP_IDENTITY_DEVICE"/>
      <Capability Name="ID_CAP_ISV_CAMERA"/>
      <Capability Name="ID_CAP_LOCATION"/>
      <Capability Name="ID_CAP_MICROPHONE"/>
      <Capability Name="ID_CAP_NETWORKING"/>
      <Capability Name="ID_HW_FRONTCAMERA"/>
      <Capability Name="ID_CAP_WEBBROWSERCOMPONENT"/>
    </Capabilities>
    
    <Tasks>
      <DefaultTask Name="_default" NavigationPage="MainPage.xaml"/>
    </Tasks>
    <Tokens>
      <PrimaryToken TaskName="_default" TokenID="Cordova_1._5._0_Starter1Token">
        <TemplateType5>
          <BackgroundImageURI IsResource="false" IsRelative="true">Background.png</BackgroundImageURI>
          <Count>0</Count>
          <Title>Beer-Run</Title>
        </TemplateType5>
      </PrimaryToken>
    </Tokens>
  </App>
</Deployment>

<!-- WPSDK Version 7.1.7720.0 -->
